iso_code,location,continent,year,total_vaccinations,fully_vaccinated_per_hundred,new_cases,new_deaths,population,cases_per_million,deaths_per_million,health_spending_pct_gdp,region,income_group,vaccination_percentile,spending_percentile,mortality_percentile,exploratory_equity_index,rank
TUV,Tuvalu,Oceania,2022,25591.0,82.24,2779.0,0.0,11335,245169.8279664755,0.0,18.38210106,East Asia & Pacific,Upper middle income,0.875,0.9945652173913043,0.9864130434782609,0.9383152173913043,1
CUB,Cuba,North America,2022,42712334.0,89.22,147220.0,210.0,11212198,13130.342507329962,18.729601457270014,11.78683186,Latin America & Caribbean,Upper middle income,0.967391304347826,0.9510869565217391,0.6847826086956521,0.8785326086956522,2
NIC,Nicaragua,North America,2022,12098543.0,85.36,1834.0,29.0,6948395,263.9458464868506,4.173625707807342,8.95364857,Latin America & Caribbean,Lower middle income,0.9239130434782609,0.782608695652174,0.8804347826086957,0.8755434782608695,3
LBR,Liberia,Africa,2022,4460668.0,70.36,1822.0,7.0,5302690,343.5991921081564,1.3200847117217864,13.47386169,Sub-Saharan Africa,Low income,0.7065217391304348,0.9728260869565217,0.9402173913043478,0.8432065217391305,4
KHM,Cambodia,Asia,2022,45217130.0,87.11,18046.0,48.0,16767851,1076.2261663703953,2.862620857019781,4.71089554,East Asia & Pacific,Lower middle income,0.9510869565217391,0.33152173913043476,0.907608695652174,0.7831521739130434,5
JPN,Japan,Asia,2022,373165262.0,83.22,26534616.0,37426.0,123951696,214072.23020167468,301.9402009634463,11.42183685,East Asia & Pacific,High income,0.8967391304347826,0.9456521739130435,0.32608695652173914,0.7377717391304348,6
CHN,China,Asia,2022,3478094000.0,89.35,62314792.0,33296.0,1425887360,43702.46468837483,23.351073117023773,5.36948681,East Asia & Pacific,Upper middle income,0.9728260869565217,0.391304347826087,0.6684782608695652,0.736141304347826,7
ARE,United Arab Emirates,Asia,2022,24922054.0,100.0,297019.0,192.0,9441138,31460.084578787,20.33653146474504,4.67550945,Middle East & North Africa,High income,0.9972826086956522,0.31521739130434784,0.6793478260869565,0.7313858695652173,8
TLS,East Timor,Asia,2022,1984560.0,58.93,3555.0,16.0,1341298,2650.417729691687,11.928743649807872,14.32454681,East Asia & Pacific,Lower middle income,0.5543478260869565,0.9782608695652174,0.7554347826086957,0.7206521739130435,9
NRU,Nauru,Oceania,2022,25172.0,67.65,4621.0,1.0,12691,364116.302891813,78.79599716334411,18.17031097,East Asia & Pacific,High income,0.6684782608695652,0.9891304347826086,0.5652173913043479,0.7176630434782608,10
NPL,Nepal,Asia,2022,60184003.0,78.75,173695.0,434.0,30547586,5686.046681397345,14.207341948394877,6.65589333,South Asia,Lower middle income,0.8260869565217391,0.5108695652173914,0.7228260869565217,0.716304347826087,11
MDV,Maldives,Asia,2022,951419.0,73.52,90814.0,50.0,523798,173375.9960900958,95.45664550074648,9.65276241,South Asia,Upper middle income,0.75,0.8315217391304348,0.5489130434782609,0.710054347826087,12
RWA,Rwanda,Africa,2022,26106436.0,67.32,28408.0,121.0,13776702,2062.0319725286936,8.782943842437762,7.8792119,Sub-Saharan Africa,Low income,0.657608695652174,0.6847826086956522,0.7663043478260869,0.6970108695652173,13
CAN,Canada,North America,2022,96303716.0,82.52,2514662.0,18901.0,38454328,65393.47144487871,491.5181458898463,11.23432541,North America,High income,0.8804347826086957,0.9402173913043478,0.2119565217391305,0.6948369565217392,14
SLV,El Salvador,North America,2022,11289175.0,68.56,80044.0,412.0,6336393,12632.423525497868,65.02121948559693,9.84079742,Latin America & Caribbean,Upper middle income,0.6793478260869565,0.8586956521739131,0.5706521739130435,0.6915760869565217,15
BTN,Bhutan,Asia,2022,2011426.0,86.61,59871.0,18.0,782457,76516.66481352969,23.004459030975504,4.38545895,South Asia,Lower middle income,0.9402173913043478,0.2554347826086957,0.6739130434782609,0.6891304347826086,16
PRT,Portugal,Europe,2022,28058542.0,86.7,4267920.0,6885.0,10270857,415536.89239369216,670.3432829412385,10.46883011,Europe & Central Asia,High income,0.9456521739130435,0.9021739130434783,0.11956521739130432,0.6869565217391305,17
ESP,Spain,Europe,2022,104186558.0,85.62,7654824.0,27668.0,47558632,160955.51276580035,581.7661029442562,9.73828793,Europe & Central Asia,High income,0.9347826086956522,0.8532608695652174,0.1684782608695652,0.6845108695652175,18
URY,Uruguay,South America,2022,8785446.0,84.79,605249.0,1400.0,3422796,176828.82649155837,409.022331450662,8.94532204,Latin America & Caribbean,High income,0.9184782608695652,0.7771739130434783,0.2554347826086957,0.6842391304347826,19
KOR,South Korea,Asia,2022,129647782.0,85.6,28047388.0,26582.0,51815808,541290.1792441411,513.0094661459299,9.43414211,East Asia & Pacific,High income,0.9293478260869565,0.8097826086956522,0.2065217391304348,0.682608695652174,20
ECU,Ecuador,South America,2022,39296436.0,78.97,499095.0,2287.0,18001002,27725.95658841658,127.04848318999132,7.53457022,Latin America & Caribbean,Upper middle income,0.8315217391304348,0.6304347826086957,0.4945652173913043,0.680163043478261,21
ARG,Argentina,South America,2022,112937078.0,76.48,4331223.0,12294.0,45510324,95170.12008088538,270.13650792730016,9.86305332,Latin America & Caribbean,Upper middle income,0.7934782608695652,0.8641304347826086,0.3532608695652174,0.6790760869565218,22
BRA,Brazil,South America,2022,480333910.0,81.22,13893600.0,74351.0,215313504,64527.304334799184,345.3150806556007,9.14277458,Latin America & Caribbean,Upper middle income,0.8695652173913043,0.7934782608695652,0.2934782608695652,0.6777173913043478,23
MLT,Malta,Europe,2022,1376966.0,88.38,68801.0,341.0,533293,129011.63150463256,639.4233563913272,9.52376747,Middle East & North Africa,High income,0.9619565217391305,0.8206521739130435,0.125,0.6755434782608696,24
NZL,New Zealand,Oceania,2022,11956243.0,79.81,2014452.0,2238.0,5185289,388493.6789444137,431.6056443527063,10.02858067,East Asia & Pacific,High income,0.8369565217391305,0.8858695652173914,0.24456521739130432,0.6714673913043478,25
BEL,Belgium,Europe,2022,29498086.0,78.61,2631362.0,5048.0,11655923,225753.20718916896,433.0845356476703,10.76192474,Europe & Central Asia,High income,0.8206521739130435,0.9184782608695652,0.23913043478260865,0.6706521739130434,26
CHL,Chile,South America,2022,62623838.0,90.27,3207034.0,23999.0,19603736,163593.00084432884,1224.205426965554,10.06172848,Latin America & Caribbean,High income,0.9782608695652174,0.8913043478260869,0.021739130434782594,0.6695652173913044,27
NLD,Netherlands,Europe,2022,39558523.0,66.98,5480565.0,2016.0,17564020,312033.63466905645,114.78010159405422,10.10068321,Europe & Central Asia,High income,0.6413043478260869,0.8967391304347826,0.5217391304347826,0.6692934782608695,28
TJK,Tajikistan,Asia,2022,18871161.0,51.95,293.0,0.0,9952789,29.43898438919985,0.0,7.62917423,Europe & Central Asia,Lower middle income,0.45652173913043476,0.657608695652174,0.9864130434782609,0.6657608695652173,29
SGP,Singapore,Asia,2022,14727569.0,90.74,1916126.0,889.0,5637022,339918.13407859684,157.70738521155317,4.89702511,East Asia & Pacific,High income,0.9836956521739131,0.3423913043478261,0.4565217391304348,0.6652173913043479,30
TON,Tonga,Oceania,2022,202604.0,72.06,16411.0,12.0,106867,153564.71127663358,112.28910702087644,8.13607597,East Asia & Pacific,Upper middle income,0.7336956521739131,0.7065217391304348,0.5271739130434783,0.6649456521739131,31
AUS,Australia,Oceania,2022,63583562.0,82.7,10327434.0,15439.0,26177410,394517.0282315936,589.783328449988,9.92687893,East Asia & Pacific,High income,0.8858695652173914,0.8695652173913043,0.15760869565217395,0.6633152173913044,32
FRA,France,Europe,2022,153458028.0,78.38,29279621.0,37502.0,67813000,431770.02934540575,553.0208072198546,11.8819046,Europe & Central Asia,High income,0.8097826086956522,0.9565217391304348,0.19021739130434778,0.6605978260869566,33
MOZ,Mozambique,Africa,2022,29140427.0,55.96,66108.0,270.0,32969520,2005.124733390113,8.18938219300736,8.77717781,Sub-Saharan Africa,Low income,0.5271739130434783,0.7554347826086957,0.7771739130434783,0.6592391304347825,34
VNM,Vietnam,Asia,2022,265336568.0,87.29,9872529.0,11970.0,98186856,100548.3768621739,121.91041130800645,4.58891582,East Asia & Pacific,Lower middle income,0.9565217391304348,0.29347826086956524,0.5054347826086957,0.6554347826086957,35
DEU,Germany,Europe,2022,191587054.0,76.23,30227893.0,48046.0,83369840,362575.8787590332,576.2995346998388,12.60513115,Europe & Central Asia,High income,0.7880434782608695,0.9619565217391305,0.17934782608695654,0.648913043478261,36
QAT,Qatar,Asia,2022,7601367.0,100.0,240191.0,71.0,2695131,89120.34331540842,26.34380295429053,2.18112326,Middle East & North Africa,High income,0.9972826086956522,0.016304347826086956,0.6521739130434783,0.6485054347826087,37
WSM,Samoa,Oceania,2022,448784.0,79.88,16268.0,29.0,222390,73150.77116776833,130.40154683214172,6.3012085,East Asia & Pacific,Lower middle income,0.842391304347826,0.483695652173913,0.48913043478260865,0.6467391304347826,38
MUS,Mauritius,Africa,2022,2612729.0,83.74,201116.0,277.0,1299478,154766.76019139992,213.1625160256657,5.82381678,Sub-Saharan Africa,Upper middle income,0.9130434782608695,0.44021739130434784,0.40217391304347827,0.6415760869565217,39
ISL,Iceland,Europe,2022,805469.0,77.82,183007.0,149.0,372903,490763.0134378109,399.56771600121215,9.28593922,Europe & Central Asia,High income,0.7989130434782609,0.7989130434782609,0.26086956521739135,0.6375,40
AUT,Austria,Europe,2022,20351827.0,74.73,4426257.0,4984.0,8939617,495128.2588504631,557.5182918910284,11.15729332,Europe & Central Asia,High income,0.7717391304347826,0.9347826086956522,0.18478260869565222,0.6364130434782609,41
MNG,Mongolia,Asia,2022,5492919.0,64.02,316364.0,155.0,3398373,93092.78292877208,45.61006104980236,8.85170174,East Asia & Pacific,Upper middle income,0.5869565217391305,0.7663043478260869,0.5978260869565217,0.6350543478260869,42
CRI,Costa Rica,North America,2022,12606343.0,82.82,592164.0,1723.0,5180836,114298.92781782708,332.5718088740891,7.18368196,Latin America & Caribbean,Upper middle income,0.8913043478260869,0.5706521739130435,0.30434782608695654,0.6350543478260869,42
GBR,United Kingdom,Europe,2022,151248820.0,75.19,11584258.0,39186.0,67508936,171595.92027935383,580.4564894934798,11.05087757,Europe & Central Asia,High income,0.7771739130434783,0.9293478260869565,0.17391304347826086,0.6342391304347826,44
KIR,Kiribati,Oceania,2022,193491.0,56.3,3430.0,13.0,131237,26135.922034182437,99.05743045025412,10.49855042,East Asia & Pacific,Lower middle income,0.532608695652174,0.907608695652174,0.5380434782608696,0.6279891304347827,45
CAF,Central African Republic,Africa,2022,2354281.0,34.68,3092.0,12.0,5579148,554.2064845743472,2.150866046213508,9.95509052,Sub-Saharan Africa,Low income,0.2717391304347826,0.875,0.9184782608695652,0.6165760869565218,46
KWT,Kuwait,Asia,2022,8255386.0,78.32,248007.0,102.0,4268886,58096.42140830184,23.893821479421096,4.26875782,Middle East & North Africa,High income,0.8043478260869565,0.22282608695652173,0.6630434782608696,0.6165760869565218,46
PAN,Panama,North America,2022,8688567.0,71.75,537401.0,1158.0,4408582,121898.83277661615,262.66949327470826,8.46561432,Latin America & Caribbean,High income,0.7228260869565217,0.7336956521739131,0.3586956521739131,0.6163043478260869,48
DNK,Denmark,Europe,2022,14929608.0,80.09,2684288.0,4515.0,5882259,456336.24768987566,767.5622579692597,9.4758625,Europe & Central Asia,High income,0.8478260869565217,0.8152173913043478,0.08695652173913049,0.611413043478261,49
BHR,Bahrain,Asia,2022,3476633.0,83.33,417096.0,142.0,1472237,283307.6467987152,96.45186203036604,3.83745313,Middle East & North Africa,High income,0.9021739130434783,0.16847826086956522,0.5434782608695652,0.6111413043478261,50
UZB,Uzbekistan,Asia,2022,71888007.0,51.14,50507.0,156.0,34627648,1458.5743738644912,4.505070630266312,7.36325455,Europe & Central Asia,Lower middle income,0.44565217391304346,0.6086956521739131,0.8586956521739131,0.6103260869565218,51
ITA,Italy,Europe,2022,144048328.0,81.2,19438072.0,47638.0,59037472,329249.7348124933,806.9112444381087,9.02753067,Europe & Central Asia,High income,0.8641304347826086,0.7880434782608695,0.06521739130434778,0.6054347826086957,52
SLE,Sierra Leone,Africa,2022,6158679.0,40.03,1101.0,3.0,8605723,127.9381174597416,0.3486052246859444,7.94752312,Sub-Saharan Africa,Low income,0.3179347826086957,0.6902173913043478,0.9565217391304348,0.6025815217391305,53
COM,Comoros,Africa,2022,835021.0,47.45,3379.0,7.0,836783,4038.083947690142,8.365370711403077,8.3803854,Sub-Saharan Africa,Lower middle income,0.42391304347826086,0.717391304347826,0.7717391304347826,0.6016304347826087,54
LSO,Lesotho,Africa,2022,1259488.0,40.16,6308.0,41.0,2305826,2735.6791015453896,17.781046791908842,12.65127754,Sub-Saharan Africa,Lower middle income,0.32608695652173914,0.967391304347826,0.6956521739130435,0.5972826086956522,55
SWE,Sweden,Europe,2022,25511046.0,71.95,1385273.0,6701.0,10549349,131313.60048852302,635.2050728438314,10.49857044,Europe & Central Asia,High income,0.7282608695652174,0.9130434782608695,0.13043478260869568,0.595108695652174,56
COL,Colombia,South America,2022,89787647.0,71.09,1220085.0,12390.0,51874028,23520.151548670947,238.84784886957303,7.57361269,Latin America & Caribbean,Upper middle income,0.717391304347826,0.6413043478260869,0.36413043478260865,0.592391304347826,57
PER,Peru,South America,2022,86772984.0,83.54,2165893.0,15553.0,34049588,63609.9620353703,456.7749835915783,6.0930872,Latin America & Caribbean,Upper middle income,0.907608695652174,0.45652173913043476,0.22282608695652173,0.5894021739130435,58
FIN,Finland,Europe,2022,13149072.0,78.44,1133314.0,6862.0,5540745,204541.8080059631,1238.461614818946,9.6589222,Europe & Central Asia,High income,0.8152173913043478,0.842391304347826,0.016304347826086918,0.582336956521739,59
HND,Honduras,North America,2022,16788825.0,55.19,84612.0,634.0,10432858,8110.145848817266,60.76954176889976,8.28209972,Latin America & Caribbean,Lower middle income,0.5108695652173914,0.7119565217391305,0.5760869565217391,0.5807065217391305,60
BGD,Bangladesh,Asia,2022,334842984.0,73.41,453771.0,1379.0,171186368,2650.742610533101,8.05554797447423,2.39038587,South Asia,Lower middle income,0.7445652173913043,0.02717391304347826,0.7880434782608696,0.5782608695652174,61
USA,United States,North America,2022,666952241.0,69.15,47140633.0,267389.0,338289856,139349.82726765535,790.4138869597083,16.49613953,North America,High income,0.6902173913043478,0.9836956521739131,0.07065217391304346,0.5777173913043478,62
BRN,Brunei,Asia,2022,1283392.0,99.32,253168.0,87.0,449002,563846.0407748742,193.7630567347139,1.81768215,East Asia & Pacific,High income,0.9891304347826086,0.005434782608695652,0.42391304347826086,0.5736413043478261,63
THA,Thailand,Asia,2022,142635014.0,74.6,2511838.0,12014.0,71697024,35034.0622227221,167.5662298061353,5.35470581,East Asia & Pacific,Upper middle income,0.7608695652173914,0.3858695652173913,0.4402173913043478,0.5709239130434782,64
TKM,Turkmenistan,Asia,2022,8286809.0,45.41,0.0,0.0,6430777,0.0,0.0,5.37103748,Europe & Central Asia,Upper middle income,0.3858695652173913,0.3967391304347826,0.9864130434782609,0.5687500000000001,65
SAU,Saudi Arabia,Asia,2022,60953969.0,66.47,274360.0,638.0,36408824,7535.535890969727,17.523224589731324,4.62462378,Middle East & North Africa,High income,0.625,0.30434782608695654,0.7010869565217391,0.5676630434782609,66
MYS,Malaysia,Asia,2022,72357376.0,81.14,2282127.0,5501.0,33938216,67243.57579667712,162.08866134861066,3.90591931,East Asia & Pacific,Upper middle income,0.8586956521739131,0.17391304347826086,0.45108695652173914,0.5652173913043478,67
IRL,Ireland,Europe,2022,11109230.0,80.88,993671.0,2383.0,5023108,197819.95529461044,474.4074783978366,6.11978531,Europe & Central Asia,High income,0.8532608695652174,0.46195652173913043,0.21739130434782605,0.5646739130434782,68
NOR,Norway,Europe,2022,12145560.0,74.61,1099234.0,3410.0,5434324,202276.12486852088,627.4929503651236,7.94803333,Europe & Central Asia,High income,0.7663043478260869,0.6956521739130435,0.14130434782608692,0.5611413043478262,69
AND,Andorra,Europe,2022,156242.0,66.99,25956.0,19.0,79843,325087.98517089785,237.96701025763065,7.53678846,Europe & Central Asia,High income,0.6467391304347826,0.6358695652173914,0.3695652173913043,0.5608695652173913,70
CYP,Cyprus,Europe,2022,1797542.0,72.1,478661.0,618.0,896007,534215.6925113308,689.7267543668744,8.87060547,Europe & Central Asia,High income,0.7391304347826086,0.7717391304347826,0.1032608695652174,0.5565217391304348,71
AFG,Afghanistan,Asia,2022,12449870.0,26.15,49420.0,493.0,41128772,1201.5919172106574,11.98674251689304,23.0881691,South Asia,Low income,0.17391304347826086,1.0,0.75,0.5532608695652174,72
MMR,Myanmar,Asia,2022,64549994.0,50.84,103999.0,236.0,54179312,1919.5334189551909,4.355906180573132,5.20476246,East Asia & Pacific,Lower middle income,0.44021739130434784,0.3695652173913043,0.875,0.5529891304347827,73
MAR,Morocco,Africa,2022,55357504.0,62.78,315657.0,1467.0,37457976,8426.963592480277,39.16388862014328,5.68049145,Middle East & North Africa,Lower middle income,0.5760869565217391,0.4076086956521739,0.6141304347826086,0.5453804347826087,74
BLR,Belarus,Europe,2022,17358735.0,66.42,301436.0,1634.0,9534956,31613.779864322398,171.36943264342278,6.65919876,Europe & Central Asia,Upper middle income,0.6195652173913043,0.5163043478260869,0.4347826086956522,0.5383152173913043,75
LKA,Sri Lanka,Asia,2022,40116590.0,67.57,88202.0,1931.0,21832150,4040.005221657051,88.44754181333492,4.36269855,South Asia,Lower middle income,0.6630434782608695,0.25,0.5543478260869565,0.5271739130434783,76
GRC,Greece,Europe,2022,22017133.0,73.6,3938076.0,14471.0,10384972,379209.1110115656,1393.4558513975774,8.49983692,Europe & Central Asia,High income,0.7554347826086957,0.7391304347826086,0.0,0.5247282608695651,77
CZE,Czechia,Europe,2022,18601405.0,65.69,2091075.0,6111.0,10493990,199264.0549495473,582.3333164983004,8.79904652,Europe & Central Asia,High income,0.6086956521739131,0.7608695652173914,0.1630434782608695,0.5130434782608696,78
IRN,Iran,Asia,2022,154773070.0,66.08,1377826.0,13325.0,88550568,15559.764675930708,150.4789895870572,5.34889174,Middle East & North Africa,Upper middle income,0.6141304347826086,0.3804347826086957,0.46739130434782605,0.5116847826086957,79
IND,India,Asia,2022,2200989986.0,67.12,9890304.0,51011.0,1417173120,6978.896128089135,35.99489665736815,3.3058846,South Asia,Lower middle income,0.6521739130434783,0.11413043478260869,0.625,0.5095108695652174,80
DOM,Dominican Republic,North America,2022,16171774.0,54.07,244700.0,147.0,11228821,21792.136503022,13.091312079870184,4.57254791,Latin America & Caribbean,Upper middle income,0.4782608695652174,0.28804347826086957,0.7391304347826086,0.5089673913043478,81
PHL,Philippines,Asia,2022,169779996.0,63.97,1220895.0,14062.0,115559008,10565.121846667287,121.68674898974557,5.15676308,East Asia & Pacific,Lower middle income,0.5815217391304348,0.3641304347826087,0.5108695652173914,0.5059782608695652,82
STP,Sao Tome and Principe,Africa,2022,228291.0,45.72,2535.0,20.0,227393,11148.100425254956,87.95345503159729,7.46419811,Sub-Saharan Africa,Lower middle income,0.40217391304347827,0.625,0.5597826086956521,0.5051630434782609,83
ISR,Israel,Asia,2022,18609154.0,65.18,3391936.0,3775.0,9449000,358973.01301725046,399.51317599746005,7.34161806,Middle East & North Africa,High income,0.6032608695652174,0.6032608695652174,0.2663043478260869,0.5021739130434782,84
SMR,San Marino,Europe,2022,69338.0,70.15,15366.0,23.0,33690,456099.732858415,682.695161769071,7.40650225,Europe & Central Asia,High income,0.7010869565217391,0.6141304347826086,0.10869565217391308,0.5016304347826087,85
CPV,Cape Verde,Africa,2022,859940.0,52.05,24177.0,60.0,593162,40759.52269363176,101.15280479868906,6.67440224,Sub-Saharan Africa,Lower middle income,0.46195652173913043,0.5217391304347826,0.5326086956521738,0.49809782608695646,86
OMN,Oman,Asia,2022,7108547.0,66.62,94250.0,148.0,4576300,20595.240696632653,32.340537115136684,2.9162159,Middle East & North Africa,High income,0.6358695652173914,0.08152173913043478,0.6304347826086957,0.4956521739130435,87
LAO,Laos,Asia,2022,11111066.0,69.36,111411.0,346.0,7529477,14796.645238440864,45.95272686270241,2.01825476,East Asia & Pacific,Lower middle income,0.6956521739130435,0.010869565217391304,0.5923913043478262,0.49347826086956526,88
BOL,Bolivia,South America,2022,14690530.0,50.4,571494.0,2750.0,12224114,46751.36373891801,224.9651794804924,8.43142891,Latin America & Caribbean,Lower middle income,0.43478260869565216,0.7282608695652174,0.38586956521739135,0.49347826086956526,88
PAK,Pakistan,Asia,2022,317080887.0,55.71,282570.0,1730.0,235824864,1198.219709351767,7.335952497358378,2.90434051,South Asia,Lower middle income,0.5163043478260869,0.07065217391304347,0.8097826086956521,0.4929347826086956,90
LVA,Latvia,Europe,2022,2895716.0,70.57,699090.0,2196.0,1850654,377752.94571540656,1186.6075452245532,7.62168407,Europe & Central Asia,High income,0.7119565217391305,0.6521739130434783,0.02717391304347827,0.4915760869565218,91
ATG,Antigua and Barbuda,North America,2022,136512.0,66.53,4877.0,28.0,93772,52009.12852450625,298.59659599880564,5.7299943,Latin America & Caribbean,High income,0.6304347826086957,0.42391304347826086,0.3369565217391305,0.4907608695652175,92
VEN,Venezuela,South America,2022,37860994.0,52.88,106845.0,518.0,28301700,3775.214916418448,18.302787465063936,4.55047369,Latin America & Caribbean,Not classified,0.47282608695652173,0.2826086956521739,0.6902173913043479,0.4904891304347826,93
MEX,Mexico,North America,2022,223158993.0,64.19,3243611.0,28067.0,127504120,25439.26423710857,220.12622023507944,5.72145176,Latin America & Caribbean,Upper middle income,0.592391304347826,0.41304347826086957,0.3913043478260869,0.4872282608695652,94
SSD,South Sudan,Africa,2022,2310167.0,20.25,3558.0,3.0,10913172,326.0280329128873,0.2748971609720803,6.76125622,Sub-Saharan Africa,Low income,0.1331521739130435,0.532608695652174,0.9619565217391304,0.48165760869565216,95
SYC,Seychelles,Africa,2022,219489.0,76.22,25974.0,46.0,107135,242441.779063798,429.36482008680633,4.2375164,Sub-Saharan Africa,High income,0.782608695652174,0.21739130434782608,0.25,0.48152173913043483,96
FJI,Fiji,Oceania,2022,1551184.0,68.89,15758.0,184.0,929769,16948.295759484346,197.8986178287295,4.00910091,East Asia & Pacific,Upper middle income,0.6847826086956522,0.19021739130434784,0.4130434782608695,0.47961956521739135,97
BDI,Burundi,Africa,2022,30480.0,0.22,25052.0,1.0,12889583,1943.5849864188776,0.0775820288367746,8.39522648,Sub-Saharan Africa,Low income,0.005434782608695652,0.7228260869565217,0.9728260869565217,0.475,98
LTU,Lithuania,Europe,2022,4539926.0,68.36,770216.0,2167.0,2750058,280072.6384679887,787.9833807141522,7.24335003,Europe & Central Asia,High income,0.6739130434782609,0.592391304347826,0.07608695652173914,0.4741847826086956,99
TZA,Tanzania,Africa,2022,35994687.0,44.69,13045.0,108.0,65497752,199.1671408814153,1.6489115534835457,3.1119566,Sub-Saharan Africa,Lower middle income,0.3804347826086957,0.09782608695652174,0.9239130434782609,0.47282608695652173,100
ZMB,Zambia,Africa,2022,12583850.0,42.74,102485.0,325.0,20017670,5119.726721441607,16.235655798102375,5.25592279,Sub-Saharan Africa,Lower middle income,0.3641304347826087,0.375,0.7119565217391304,0.471195652173913,101
PSE,Palestine,Asia,2022,3748571.0,33.85,234785.0,808.0,5250076,44720.30500129904,153.9025339823652,9.73336029,Middle East & North Africa,Lower middle income,0.2608695652173913,0.8478260869565217,0.4619565217391305,0.46793478260869564,102
BWA,Botswana,Africa,2022,3121142.0,54.22,115549.0,347.0,2630300,43929.96996540319,131.9241151199483,5.72838593,Sub-Saharan Africa,Upper middle income,0.483695652173913,0.41847826086956524,0.4836956521739131,0.46739130434782605,103
MNE,Montenegro,Europe,2022,679171.0,45.43,85963.0,340.0,627082,137084.14529519266,542.1938438673092,10.92241859,Europe & Central Asia,Upper middle income,0.391304347826087,0.9239130434782609,0.19565217391304346,0.4657608695652174,104
SVN,Slovenia,Europe,2022,2996643.0,57.66,843961.0,2712.0,2119843,398124.2950539262,1279.3400265963094,9.60507679,Europe & Central Asia,High income,0.5489130434782609,0.8260869565217391,0.010869565217391353,0.4567934782608696,105
ARM,Armenia,Asia,2022,2150112.0,35.45,101102.0,765.0,2780472,36361.452300185,275.1331428620752,9.96212864,Europe & Central Asia,Upper middle income,0.28804347826086957,0.8804347826086957,0.34782608695652173,0.45407608695652174,106
CIV,Cote d'Ivoire,Africa,2022,23755644.0,41.41,24086.0,123.0,28160548,855.3100600172979,4.367812728644344,3.6424129,Sub-Saharan Africa,Lower middle income,0.3532608695652174,0.1358695652173913,0.8695652173913043,0.453804347826087,107
PRY,Paraguay,South America,2022,9486776.0,52.06,256963.0,3068.0,6780745,37895.98340595318,452.4576576762583,7.73804235,Latin America & Caribbean,Upper middle income,0.4673913043478261,0.6739130434782609,0.2282608695652174,0.4472826086956522,108
KAZ,Kazakhstan,Asia,2022,20918681.0,54.72,422357.0,872.0,19397998,21773.226288609785,44.95309258202831,3.74026752,Europe & Central Asia,Upper middle income,0.5,0.15760869565217392,0.6032608695652174,0.4453804347826087,109
GNB,Guinea-Bissau,Africa,2022,592609.0,17.16,2481.0,27.0,2105580,1178.2976662012368,12.823070127945744,8.11358356,Sub-Saharan Africa,Low income,0.10326086956521739,0.7010869565217391,0.7445652173913043,0.4451086956521739,110
IDN,Indonesia,Asia,2022,443173913.0,62.63,2454365.0,16482.0,275501344,8908.722419880463,59.82547947207111,2.69394851,East Asia & Pacific,Upper middle income,0.5706521739130435,0.05434782608695652,0.5815217391304348,0.44483695652173916,111
EST,Estonia,Europe,2022,2101403.0,64.93,367408.0,899.0,1326064,277066.5669228635,677.9461624778291,6.98701143,Europe & Central Asia,High income,0.5978260869565217,0.5652173913043478,0.11413043478260865,0.44456521739130433,112
ZAF,South Africa,Africa,2022,38050611.0,35.13,640295.0,11795.0,59893884,10690.490534893346,196.9316266081525,8.77086639,Sub-Saharan Africa,Upper middle income,0.2826086956521739,0.75,0.4184782608695652,0.4402173913043478,113
BFA,Burkina Faso,Africa,2022,5117982.0,14.71,4966.0,78.0,22673764,219.019656374654,3.440099314785141,6.77182007,Sub-Saharan Africa,Low income,0.08152173913043478,0.5380434782608695,0.8967391304347826,0.4402173913043478,113
TUN,Tunisia,Africa,2022,13172572.0,51.74,424682.0,3756.0,12356116,34370.18558258923,303.9790173546445,6.96380186,Middle East & North Africa,Lower middle income,0.45108695652173914,0.5543478260869565,0.3152173913043478,0.43614130434782605,115
SRB,Serbia,Europe,2022,8534688.0,47.71,1150237.0,4927.0,6871547,167391.2730277476,717.0146693313746,9.65742779,Europe & Central Asia,Upper middle income,0.42934782608695654,0.8369565217391305,0.09782608695652173,0.43179347826086956,116
ALB,Albania,Europe,2022,3025728.0,44.68,125449.0,409.0,2842318,44136.159289706506,143.8966364776918,6.19368076,Europe & Central Asia,Upper middle income,0.375,0.47282608695652173,0.4782608695652174,0.43043478260869567,117
NGA,Nigeria,Africa,2022,102292641.0,27.39,30401.0,141.0,218541216,139.1087711345031,0.6451872218007609,4.27090406,Sub-Saharan Africa,Lower middle income,0.1956521739130435,0.22826086956521738,0.9510869565217391,0.4304347826086956,118
JOR,Jordan,Asia,2022,10057975.0,40.39,695576.0,1678.0,11285875,61632.4387785617,148.6814270049952,6.82820034,Middle East & North Africa,Lower middle income,0.33695652173913043,0.5434782608695652,0.47282608695652173,0.4293478260869565,119
KNA,Saint Kitts and Nevis,North America,2022,64297.0,56.63,3726.0,18.0,47681,78144.33422117826,377.5088609718756,5.56801701,Latin America & Caribbean,High income,0.5380434782608695,0.40217391304347827,0.27717391304347827,0.4258152173913043,120
SOM,Somalia,Africa,2022,8520930.0,35.94,3768.0,28.0,17597508,214.12122671005463,1.5911343810725929,2.62183189,Sub-Saharan Africa,Low income,0.29347826086956524,0.043478260869565216,0.9293478260869565,0.4217391304347826,121
TCD,Chad,Africa,2022,3891785.0,20.45,1948.0,13.0,17723312,109.91173658738276,0.7334972154188789,4.52549791,Sub-Saharan Africa,Low income,0.14130434782608695,0.27717391304347827,0.9456521739130435,0.4165760869565217,122
POL,Poland,Europe,2022,57786691.0,56.76,2314550.0,24145.0,39857144,58071.14528828257,605.7885130956699,6.39626455,Europe & Central Asia,High income,0.5434782608695652,0.4945652173913043,0.15217391304347827,0.4138586956521739,123
GTM,Guatemala,North America,2022,19955569.0,39.38,570615.0,3895.0,17843914,31978.12991028762,218.2817065807423,7.44098806,Latin America & Caribbean,Upper middle income,0.30978260869565216,0.6195652173913043,0.3967391304347826,0.41331521739130433,124
TGO,Togo,Africa,2022,3396543.0,16.45,11349.0,44.0,8848700,1282.5612801880502,4.972481833489665,6.04134083,Sub-Saharan Africa,Low income,0.09239130434782608,0.45108695652173914,0.8478260869565217,0.408695652173913,125
EGY,Egypt,Africa,2022,100993230.0,36.12,134994.0,3231.0,110990096,1216.2706841878935,29.11070551736436,4.70438385,Middle East & North Africa,Lower middle income,0.29891304347826086,0.32608695652173914,0.6358695652173914,0.4067934782608696,126
TUR,Turkey,Asia,2022,152543341.0,62.31,7717691.0,20116.0,85341248,90433.3037173302,235.7125126644504,3.70338893,Europe & Central Asia,Upper middle income,0.5652173913043478,0.15217391304347827,0.3804347826086957,0.40652173913043477,127
BHS,Bahamas,North America,2022,364701.0,40.4,13861.0,120.0,409989,33808.22412308623,292.6907795087185,7.21692038,Latin America & Caribbean,High income,0.3423913043478261,0.5815217391304348,0.34239130434782605,0.40217391304347827,128
NER,Niger,Africa,2022,7187711.0,20.25,2218.0,40.0,26207982,84.6307052561315,1.5262525745019209,4.35259724,Sub-Saharan Africa,Low income,0.1331521739130435,0.24456521739130435,0.9347826086956522,0.4014945652173913,129
RUS,Russia,Europe,2022,183889038.0,54.54,11372272.0,89165.0,144713312,78584.83675641395,616.1492593024199,6.91986275,Europe & Central Asia,High income,0.4891304347826087,0.5489130434782609,0.1467391304347826,0.4013586956521739,130
HUN,Hungary,Europe,2022,16701238.0,62.28,944089.0,10132.0,9967304,94718.59190810274,1016.5236256464134,6.68981791,Europe & Central Asia,High income,0.5597826086956522,0.5271739130434783,0.048913043478260865,0.3983695652173913,131
UGA,Uganda,Africa,2022,26299538.0,27.43,34799.0,350.0,47249588,736.4931943956846,7.407471997427787,4.39089251,Sub-Saharan Africa,Low income,0.20380434782608695,0.2608695652173913,0.8043478260869565,0.3982336956521739,132
NAM,Namibia,Africa,2022,972893.0,20.49,24181.0,471.0,2567024,9419.857391282669,183.48094914578127,9.29635525,Sub-Saharan Africa,Upper middle income,0.14673913043478262,0.8043478260869565,0.42934782608695654,0.3959239130434783,133
SWZ,Eswatini,Africa,2022,773579.0,28.47,9640.0,150.0,1201680,8022.102389987351,124.82524465747952,7.2226615,Sub-Saharan Africa,Lower middle income,0.21195652173913043,0.5869565217391305,0.5,0.39211956521739133,134
DJI,Djibouti,Africa,2022,338051.0,26.5,2122.0,0.0,1120851,1893.204359901539,0.0,2.49675012,Middle East & North Africa,Lower middle income,0.19021739130434784,0.03260869565217391,0.9864130434782609,0.38967391304347826,135
BLZ,Belize,North America,2022,501831.0,54.59,38174.0,96.0,405285,94190.50791418384,236.87035049409675,4.23173904,Latin America & Caribbean,Upper middle income,0.4945652173913043,0.21195652173913043,0.375,0.38804347826086955,136
VUT,Vanuatu,Oceania,2022,293584.0,40.31,12006.0,14.0,326744,36744.362559067646,42.846999485836,4.14742947,East Asia & Pacific,Lower middle income,0.33152173913043476,0.20108695652173914,0.6086956521739131,0.38206521739130433,137
HRV,Croatia,Europe,2022,5354058.0,55.84,568664.0,5236.0,4030361,141095.05327190293,1299.1392086217586,7.21545315,Europe & Central Asia,High income,0.5217391304347826,0.5760869565217391,0.005434782608695676,0.3804347826086957,138
GHA,Ghana,Africa,2022,21400939.0,27.43,29743.0,174.0,33475870,888.490724811633,5.1977737994561455,3.6993649,Sub-Saharan Africa,Lower middle income,0.20380434782608695,0.14673913043478262,0.8369565217391304,0.3794836956521739,139
MWI,Malawi,Africa,2022,6367571.0,15.16,17566.0,357.0,20405318,860.8540185455576,17.495439179139478,6.50023508,Sub-Saharan Africa,Low income,0.08695652173913043,0.5054347826086957,0.7065217391304348,0.377445652173913,140
YEM,Yemen,Asia,2022,1238962.0,2.25,1834.0,176.0,33696612,54.42683673955114,5.223077026260087,6.18666697,Middle East & North Africa,Low income,0.016304347826086956,0.4673913043478261,0.8315217391304348,0.3736413043478261,141
BEN,Benin,Africa,2022,4232541.0,20.54,3050.0,2.0,13352864,228.41541709703623,0.1497806013751057,2.67981386,Sub-Saharan Africa,Lower middle income,0.15760869565217392,0.04891304347826087,0.967391304347826,0.3733695652173913,142
MRT,Mauritania,Africa,2022,4066473.0,32.46,22975.0,135.0,4736146,4850.990657804889,28.50418884890795,4.48389912,Sub-Saharan Africa,Lower middle income,0.25,0.2717391304347826,0.6413043478260869,0.37282608695652175,143
SVK,Slovakia,Europe,2022,5754313.0,45.68,1033058.0,4405.0,5643455,183054.1751462535,780.5502125914,7.73064041,Europe & Central Asia,High income,0.3967391304347826,0.6684782608695652,0.08152173913043481,0.3701086956521739,144
GIN,Guinea,Africa,2022,8749048.0,23.77,7081.0,77.0,13859349,510.918658589231,5.555816510573476,3.95847702,Sub-Saharan Africa,Lower middle income,0.16847826086956522,0.1793478260869565,0.8206521739130435,0.36684782608695654,145
LBN,Lebanon,Asia,2022,5814699.0,43.98,510867.0,1717.0,5489744,93058.43769764128,312.76503968126747,5.73500204,Middle East & North Africa,Lower middle income,0.3695652173913043,0.42934782608695654,0.3097826086956522,0.3665760869565217,146
AZE,Azerbaijan,Asia,2022,13857111.0,46.94,211774.0,1722.0,10358078,20445.298828605075,166.247058575925,3.97840643,Europe & Central Asia,Upper middle income,0.41304347826086957,0.18478260869565216,0.44565217391304346,0.36576086956521736,147
DMA,Dominica,North America,2022,67647.0,42.14,9201.0,29.0,72758,126460.3205145826,398.5815992743066,6.31969738,Latin America & Caribbean,Upper middle income,0.358695652173913,0.4891304347826087,0.2717391304347826,0.36521739130434777,148
ETH,Ethiopia,Africa,2022,52509414.0,29.75,101346.0,678.0,123379928,821.4139985557456,5.495221232419588,2.85274577,Sub-Saharan Africa,Low income,0.22282608695652173,0.059782608695652176,0.8260869565217391,0.3630434782608696,149
KEN,Kenya,Africa,2022,23063539.0,20.05,61112.0,329.0,54027484,1131.128001444598,6.089493266056957,4.32603645,Sub-Saharan Africa,Lower middle income,0.125,0.2391304347826087,0.8152173913043479,0.36059782608695656,150
BRB,Barbados,North America,2022,380980.0,55.03,77886.0,308.0,281646,276538.63360388577,1093.5713626325244,6.29389191,Latin America & Caribbean,High income,0.5054347826086957,0.4782608695652174,0.03804347826086951,0.35842391304347826,151
KGZ,Kyrgyzstan,Asia,2022,3369942.0,20.53,19564.0,164.0,6630621,2950.553198561643,24.733731576574804,4.92258883,Europe & Central Asia,Lower middle income,0.15217391304347827,0.34782608695652173,0.6576086956521738,0.35271739130434776,152
CMR,Cameroon,Africa,2022,4003595.0,9.78,15317.0,114.0,27914542,548.7104176740568,4.083892904279067,4.47835922,Sub-Saharan Africa,Lower middle income,0.043478260869565216,0.266304347826087,0.8858695652173914,0.35190217391304346,153
AGO,Angola,Africa,2022,23701049.0,23.19,33928.0,183.0,35588996,953.3283827394288,5.142038848187793,2.92737579,Sub-Saharan Africa,Lower middle income,0.16304347826086957,0.08695652173913043,0.842391304347826,0.34782608695652173,154
JAM,Jamaica,North America,2022,1506682.0,26.3,60436.0,1001.0,2827382,21375.251027275408,354.03776355653395,7.77706337,Latin America & Caribbean,Upper middle income,0.18478260869565216,0.6793478260869565,0.2880434782608695,0.33940217391304345,155
SUR,Suriname,South America,2022,505699.0,38.49,30018.0,207.0,618046,48569.20035078295,334.92652650449963,5.91760969,Latin America & Caribbean,Upper middle income,0.30434782608695654,0.44565217391304346,0.29891304347826086,0.33804347826086956,156
ROU,Romania,Europe,2022,16827486.0,41.28,1502652.0,8805.0,19659270,76434.78114904571,447.88031295159993,5.7490139,Europe & Central Asia,High income,0.34782608695652173,0.43478260869565216,0.23369565217391308,0.3353260869565218,157
MKD,North Macedonia,Europe,2022,1862610.0,40.03,122279.0,1524.0,2093606,58405.92738079658,727.9306612610013,7.6204114,Europe & Central Asia,Upper middle income,0.3179347826086957,0.6467391304347826,0.09239130434782605,0.3324728260869565,158
MLI,Mali,Africa,2022,4468360.0,11.83,12757.0,90.0,22593598,564.6289714458052,3.9834292882435114,3.67284775,Sub-Saharan Africa,Low income,0.06521739130434782,0.14130434782608695,0.8913043478260869,0.3320652173913043,159
SLB,Solomon Islands,Oceania,2022,625956.0,35.12,21589.0,153.0,724272,29807.86223960059,211.2466034859832,4.82369328,East Asia & Pacific,Lower middle income,0.27717391304347827,0.33695652173913043,0.40760869565217395,0.33125,160
COD,Democratic Republic of Congo,Africa,2022,9988117.0,6.92,20026.0,257.0,99010216,202.26195648335928,2.5956917415471548,3.78614616,Sub-Saharan Africa,Low income,0.03260869565217391,0.16304347826086957,0.9130434782608696,0.32934782608695656,161
SEN,Senegal,Africa,2022,2709648.0,7.83,14547.0,78.0,17316452,840.068161768935,4.504386926374988,4.06358385,Sub-Saharan Africa,Lower middle income,0.03804347826086957,0.1956521739130435,0.8641304347826086,0.3252717391304348,162
TTO,Trinidad and Tobago,North America,2022,1580898.0,46.82,96938.0,1559.0,1531043,63315.00813497727,1018.2601011206086,6.43106365,Latin America & Caribbean,High income,0.4076086956521739,0.5,0.04347826086956519,0.3214673913043478,163
MDA,Moldova,Europe,2022,2266205.0,32.81,221751.0,1745.0,3272993,67751.74893438513,533.151155532566,6.96505404,Europe & Central Asia,Upper middle income,0.2554347826086957,0.5597826086956522,0.20108695652173914,0.3152173913043479,164
GUY,Guyana,South America,2022,953690.0,47.0,32962.0,244.0,808727,40757.88244982546,301.70873483882696,3.00636959,Latin America & Caribbean,High income,0.41847826086956524,0.09239130434782608,0.3315217391304348,0.3108695652173913,165
SDN,Sudan,Africa,2022,13711970.0,17.71,17405.0,1696.0,46874200,371.3130037419306,36.18195083862765,4.61874437,Sub-Saharan Africa,Low income,0.10869565217391304,0.29891304347826086,0.6195652173913043,0.30951086956521734,166
GNQ,Equatorial Guinea,Africa,2022,488738.0,12.78,3557.0,8.0,1674916,2123.6885909502325,4.776358933821159,2.91350007,Sub-Saharan Africa,Upper middle income,0.07065217391304347,0.07608695652173914,0.8532608695652174,0.30679347826086956,167
ZWE,Zimbabwe,Africa,2022,12222754.0,29.11,56198.0,750.0,16320539,3443.3911772154097,45.95436461994301,3.62880659,Sub-Saharan Africa,Lower middle income,0.21739130434782608,0.13043478260869565,0.5869565217391304,0.3065217391304348,168
IRQ,Iraq,Asia,2022,19552980.0,17.85,373061.0,1252.0,44496124,8384.123525006358,28.13728224957302,4.29332495,Middle East & North Africa,Upper middle income,0.11413043478260869,0.23369565217391305,0.6467391304347826,0.30380434782608695,169
COG,Congo,Africa,2022,833210.0,10.96,4974.0,19.0,5970430,833.1058231986641,3.1823503499747927,2.19224548,Sub-Saharan Africa,Lower middle income,0.059782608695652176,0.021739130434782608,0.9021739130434783,0.3029891304347826,170
GMB,Gambia,Africa,2022,815861.0,16.79,2450.0,30.0,2705995,905.3970905341658,11.086494986132642,3.41435836,Sub-Saharan Africa,Low income,0.09782608695652174,0.11956521739130435,0.7608695652173914,0.3021739130434783,171
GRD,Grenada,North America,2022,90507.0,31.07,13704.0,38.0,125459,109230.90412007108,302.8877960130401,4.94846392,Latin America & Caribbean,Upper middle income,0.24456521739130435,0.3532608695652174,0.32065217391304346,0.2945652173913043,172
SYR,Syria,Asia,2022,4940436.0,10.06,7372.0,292.0,22125242,333.1940956849195,13.197595759630564,4.15098715,Middle East & North Africa,Low income,0.04891304347826087,0.20652173913043478,0.7282608695652174,0.2921195652173913,173
GEO,Georgia,Asia,2022,2930677.0,34.08,884811.0,3386.0,3744385,236303.42499502588,904.2873529297868,7.25569582,Europe & Central Asia,Upper middle income,0.266304347826087,0.5978260869565217,0.05978260869565222,0.28722826086956527,174
LBY,Libya,Africa,2022,3716080.0,18.05,122458.0,796.0,6812344,17975.897870101686,116.84671237976238,4.65005827,Middle East & North Africa,Upper middle income,0.11956521739130435,0.30978260869565216,0.5163043478260869,0.2861413043478261,175
BIH,Bosnia and Herzegovina,Europe,2022,1924950.0,26.17,113244.0,2939.0,3233530,35021.787334584806,908.9137877180668,8.71644783,Europe & Central Asia,Upper middle income,0.1793478260869565,0.7445652173913043,0.05434782608695654,0.2831521739130435,176
BGR,Bulgaria,Europe,2022,4603029.0,30.59,546735.0,7508.0,6781955,80616.13502301328,1107.0554139624933,7.66357517,Europe & Central Asia,High income,0.2391304347826087,0.6630434782608695,0.03260869565217395,0.2831521739130435,176
DZA,Algeria,Africa,2022,15267442.0,14.43,54818.0,652.0,44903228,1220.8031012826073,14.52011423321281,3.6230433,Middle East & North Africa,Upper middle income,0.07608695652173914,0.125,0.7173913043478262,0.28070652173913047,178
GAB,Gabon,Africa,2022,572672.0,10.77,10109.0,19.0,2388997,4231.482919400904,7.953128446791687,2.85591531,Sub-Saharan Africa,Upper middle income,0.05434782608695652,0.06521739130434782,0.7934782608695652,0.27880434782608693,179
VCT,Saint Vincent and the Grenadines,North America,2022,72979.0,30.25,3678.0,37.0,103959,35379.33223674718,355.90954126145886,4.68767738,Latin America & Caribbean,Upper middle income,0.22826086956521738,0.32065217391304346,0.28260869565217395,0.26766304347826086,180
HTI,Haiti,North America,2022,510611.0,2.05,7938.0,94.0,11585003,685.1961971870011,8.113938339075096,3.20848918,Latin America & Caribbean,Lower middle income,0.010869565217391304,0.10326086956521739,0.782608695652174,0.2654891304347826,181
MDG,Madagascar,Africa,2022,2426238.0,6.84,17456.0,389.0,29611718,589.49636086633,13.136691359819109,3.25023246,Sub-Saharan Africa,Low income,0.02717391304347826,0.10869565217391304,0.7336956521739131,0.2595108695652174,182
PNG,Papua New Guinea,Oceania,2022,700257.0,3.0,10562.0,79.0,10142625,1041.3477773258894,7.788910661687679,2.61825109,East Asia & Pacific,Lower middle income,0.021739130434782608,0.03804347826086957,0.7989130434782609,0.2589673913043478,183
LCA,Saint Lucia,North America,2022,122977.0,30.56,16473.0,114.0,179872,91581.79149617504,633.7840241949831,5.01938295,Latin America & Caribbean,Upper middle income,0.23369565217391305,0.358695652173913,0.13586956521739135,0.23559782608695654,184
